Rank,Country,country,continent,2024 population,2023 population,2022 population,2020 population,2015 population,2010 population,2000 population,1990 population,1980 population,1970 population,Land Area (Km²),density (km²),Yearly Change,Net Change,Fert. Rate,Med. Age,Urban Pop %,growth rate,world percentage
1,IND,India,Asia,1450935791,1428627663,1417173173,1396387127,1322866505,1240613620,1059633675,870452165,696828385,557501301,"29,73,190",481,0.89%,"1,28,66,195",2,28,37%,0.81%,17.78%
2,CHN,China,Asia,1419321278,1425671352,1425887337,1424929781,1393715448,1348191368,1264099069,1153704252,982372466,822534450,"93,88,211",151,-0.23%,"-32,63,655",1,40,66%,-0.02%,17.39%
3,USA,United States,North America,345426571,339996563,338289857,335942003,324607776,311182845,282398554,248083732,223140018,200328340,"91,47,420",37,0.57%,"19,49,236",1.6,38,82%,0.50%,4.23%
4,IDN,Indonesia,Asia,283487931,277534122,275501339,271857970,259091970,244016173,214072421,182159874,148177096,115228394,"18,11,570",148,0.82%,"22,97,864",2.1,30,59%,0.74%,3.47%
5,PAK,Pakistan,Asia,251269164,240485658,235824862,227196741,210969298,194454498,154369924,115414069,80624057,59290872,"7,70,880",312,1.52%,"37,64,669",3.5,20,34%,1.98%,3.08%
6,NGA,Nigeria,Africa,232679478,223804632,218541212,208327405,183995785,160952853,122851984,95214257,72951439,55569264,"9,10,770",246,2.10%,"47,96,533",4.4,18,54%,2.41%,2.85%
7,BRA,Brazil,South America,211998573,216422446,215313498,213196304,205188205,196353492,175873720,150706446,122288383,96369875,"83,58,140",26,0.41%,"8,57,844",1.6,34,91%,0.52%,2.60%
8,BGD,Bangladesh,Asia,173562364,172954319,171186372,167420951,157830000,148391139,129193327,107147651,83929765,67541860,"1,30,170",1329,1.22%,"20,95,374",2.1,26,42%,1.03%,2.13%
9,RUS,Russia,Europe,144820423,144444359,144713314,145617329,144668389,143242599,146844839,148005704,138257420,130093010,"1,63,76,870",9,-0.43%,"-6,20,077",1.5,40,75%,-0.19%,1.77%
10,MEX,Mexico,North America,132059767,128455567,127504125,125998302,120149897,112532401,97873442,81720428,67705186,50289306,"10,00,000",66,2.62%,"33,68,075",3.9,19,22%,0.75%,1.62%
11,ETH,Ethiopia,Africa,130861007,126527060,123379924,117190911,102471895,89237791,67031867,47878073,34945469,28308246,"19,43,950",112,0.86%,"11,21,248",1.9,29,87%,2.55%,1.60%
12,JPN,Japan,Asia,123753041,123294513,123951692,125244761,127250933,128105431,126803861,123686321,117624196,105416839,"3,64,555",338,-0.50%,"-6,17,906",1.2,49,93%,-0.53%,1.52%
13,PHL,Philippines,Asia,116538258,117337368,115559009,112190977,103031365,94636700,77958223,61558898,48419546,37435586,"9,95,450",394,1.75%,"20,02,486",2.7,24,41%,1.54%,1.43%
14,EGY,Egypt,Africa,115843670,112716598,110990103,107465134,97723799,87252413,71371371,57214630,43748556,34781986,"2,98,170",113,0.83%,"9,52,471",1.9,26,49%,1.56%,1.42%
15,COD,DR Congo,Africa,109276265,102262808,99010212,92853164,78656904,66391257,48616317,35987541,26708686,20151733,"22,67,050",45,3.30%,"34,86,534",6,16,44%,3.29%,1.34%
16,VNM,Vietnam,Asia,100987686,98858950,98186856,96648685,92191398,87411012,79001142,66912613,52968270,41928849,"3,10,070",315,0.63%,"6,35,494",1.9,33,41%,0.68%,1.24%
17,IRN,Iran,Asia,91567738,89172767,88550570,87290193,81790841,75373855,65544383,55793629,38520664,28449705,"16,28,550",55,1.06%,"9,59,031",1.7,33,73%,0.70%,1.12%
18,TUR,Turkey,Asia,87473805,85816199,85341241,84135428,79646178,73195345,64113547,54324142,44089069,35540990,"7,69,630",110,0.23%,"2,03,304",1.6,33,76%,0.56%,1.07%
19,DEU,Germany,Europe,84552242,83294633,83369843,83328988,82073226,81325090,81551677,79370196,77786703,78294583,"3,48,560",238,0.00%,"4,011",1.4,45,76%,-0.09%,1.04%
20,THA,Thailand,Asia,71668011,71801279,71697030,71475664,70294397,68270489,63066603,55228410,45737753,35791728,"5,10,890",141,-0.05%,"-34,424",1.2,40,53%,0.15%,0.88%
21,GBR,United Kingdom,Europe,69138192,67736802,67508936,67059474,65224364,62760039,58850043,57210442,56326328,55650166,"2,41,930",280,0.66%,"4,55,230",1.6,40,84%,0.34%,0.85%
22,TZA,Tanzania,Africa,68560157,67438106,65497748,61704518,52542823,45110527,34463704,26206012,19297659,13618192,"8,85,800",76,2.92%,"19,42,551",4.5,17,39%,2.96%,0.84%
23,FRA,France,Europe,66548530,64756584,64626628,64480053,63809769,62444567,58665453,56412897,53713830,50523586,"5,47,557",118,0.17%,"1,09,708",1.6,42,82%,0.20%,0.82%
24,ZAF,South Africa,Africa,64007187,60414495,59893885,58801927,55876504,51784921,46813266,39877570,29463549,22368306,"12,13,090",50,1.26%,"7,94,803",2.2,28,66%,0.87%,0.78%
25,ITA,Italy,Europe,59342867,58870762,59037474,59500579,60232906,59822450,56966397,56756561,56329482,53324036,"2,94,140",199,-0.26%,"-1,56,586",1.2,48,72%,-0.28%,0.73%
26,KEN,Kenya,Africa,56432944,55100586,54027487,51985780,46851488,41517895,30851606,23162269,16187124,11473087,"5,69,140",97,1.98%,"10,93,941",3.2,20,31%,1.99%,0.69%
27,MMR,Myanmar,Asia,54500091,54577997,54179306,53423198,51483949,49390988,45538332,40099553,33465781,27284112,"6,53,290",84,0.68%,"3,66,293",2.1,30,34%,0.74%,0.67%
28,COL,Colombia,South America,52886363,52085168,51874024,50930662,47119728,44816108,39215135,32601393,26176195,20905254,"11,09,500",47,1.08%,"5,65,211",1.6,32,81%,0.41%,0.65%
29,KOR,South Korea,Asia,51717590,51784059,51815810,51844690,50994401,48813042,46788591,44120039,38170501,32601143,"97,230",531,-0.06%,"-31,149",0.7,45,82%,-0.06%,0.63%
30,UGA,Uganda,Africa,50448963,48582334,47249585,44404611,37477356,32341728,24020697,17586630,13284026,10317212,"17,65,048",242,0.81%,"4,06,172",4.3,18,35%,2.82%,0.62%
31,SDN,Sudan,Africa,50015092,48109006,46874204,44440486,38171178,33739933,26298773,21090886,16673586,11305206,"1,99,810",26,2.79%,"13,58,491",4.2,17,29%,2.63%,0.61%
32,ESP,Spain,Europe,47910526,47519628,47558630,47363807,46431342,46572772,40741651,38889889,37491666,33792617,"4,98,800",95,0.00%,"-1,053",1.2,45,79%,-0.08%,0.59%
33,ARG,Argentina,South America,46814308,45773884,45510318,45036032,43257065,41100123,37070774,32637657,28024803,23842803,"23,81,740",17,1.41%,"6,50,089",2.7,28,74%,0.58%,0.57%
34,DZA,Algeria,Africa,46042015,45606480,44903225,43451666,39543154,35856344,30774621,25518074,18739378,13795915,"4,34,320",19,2.15%,"9,67,966",3.2,21,72%,1.57%,0.56%
35,IRQ,Iraq,Asia,45696159,45504560,44496122,42556984,37757813,31264875,24628858,17658381,13653369,9811347,"27,36,690",105,0.35%,"1,57,758",1.5,33,95%,2.27%,0.56%
36,AFG,Afghanistan,Asia,42647492,42239854,41128771,38972230,33753499,28189672,19542982,10694796,12486631,10752971,"6,52,860",65,2.88%,"11,92,731",4.8,17,27%,2.70%,0.52%
37,POL,Poland,Europe,40583164,41026067,39857145,38428366,38553146,38597353,38504431,38064255,35521429,32482943,"5,27,970",134,3.03%,"11,92,365",4.5,18,33%,2.93%,0.50%
38,CAN,Canada,North America,39742430,38781291,38454327,37888705,35732126,33963412,30683313,27657204,24511510,21434577,"90,93,510",4,1.13%,"4,43,325",1.3,40,80%,0.85%,0.49%
39,MAR,Morocco,Africa,38539201,37840044,37457971,36688772,34680458,32464865,28554415,24570814,19678444,15274351,"3,06,230",85,-0.58%,"-2,23,643",1.3,42,59%,1.02%,0.47%
40,SAU,Saudi Arabia,Asia,38081173,36947025,36408820,35997107,32749848,29411929,21547390,16004763,10171710,6106191,"4,46,300",17,0.98%,"3,68,668",2.2,30,67%,1.48%,0.47%
41,UKR,Ukraine,Europe,37885849,36744634,39701739,43909666,44982564,45683020,48879755,51589817,49973920,47279086,"12,46,700",63,3.09%,"11,35,943",5,17,68%,-7.45%,0.46%
42,AGO,Angola,Africa,37860221,36684202,35588987,33428485,28127721,23364185,16394062,11828638,8330047,6029700,"5,79,320",29,0.34%,"1,27,385",1,42,79%,3.08%,0.46%
43,UZB,Uzbekistan,Asia,36361859,35163944,34627652,33526656,30949417,28614227,24925554,20579100,15947129,12011361,"4,25,400",80,1.99%,"7,09,552",3.5,27,48%,1.55%,0.45%
44,YEM,Yemen,Asia,35557673,34449825,33696614,32284046,28516545,24743946,18628700,13375121,9204938,6843607,"3,28,550",65,1.23%,"4,31,375",1.5,31,77%,2.24%,0.44%
45,PER,Peru,South America,34631766,34352719,34049588,33304756,30711863,29229572,26654439,22109099,17492406,13562371,"7,86,380",27,2.96%,"9,96,606",4.7,16,41%,0.89%,0.42%
46,MYS,Malaysia,Asia,34427414,34308525,33938221,33199993,31068833,28717731,22945150,17517054,13215707,10306508,"2,27,540",104,1.89%,"6,39,500",3.3,21,58%,1.09%,0.42%
47,GHA,Ghana,Africa,34217848,34121985,33475870,32180401,28870939,25574719,19665502,15446982,11865246,8861895,"12,80,000",150,1.10%,"3,72,231",2,30,80%,1.93%,0.42%
48,MOZ,Mozambique,Africa,33962757,33897354,32969518,31178239,26843246,23073723,17768505,13303459,11413587,8411676,"21,49,690",43,2.10%,"6,98,465",2.3,30,92%,2.81%,0.42%
49,NPL,Nepal,Asia,31964956,30896590,30547580,29348627,27610325,27161567,24559500,19616530,15600442,12501285,"5,81,795",216,2.47%,"7,69,024",3.9,19,40%,1.14%,0.39%
50,MDG,Madagascar,Africa,31934230,30325732,29611714,28225177,24850912,21731053,16216431,11882762,8948162,6639751,"3,18,000",52,2.47%,"7,68,576",4.2,18,49%,2.41%,0.39%
51,CIV,Ivory Coast,Africa,29651054,28873034,28160542,26811790,23596741,21120042,16799670,11910540,8303810,5477086,"1,43,350",91,-0.15%,"-43,560",2,25,24%,2.53%,0.36%
52,VEN,Venezuela,South America,29123744,28838499,28301696,28490453,30529716,28715022,24427729,19750579,15210443,11355475,"4,72,710",33,2.65%,"7,51,057",4.3,18,59%,1.90%,0.36%
53,CMR,Cameroon,Africa,28405543,28647293,27914536,26491087,23012646,19878036,15091594,11430520,8519891,6452787,"8,82,050",61,0.37%,"1,04,689",2.1,29,N.A.,2.63%,0.35%
54,NER,Niger,Africa,27032412,27202843,26207977,24333639,20128124,16647543,11622665,8370647,6173177,4669708,"12,66,700",21,3.34%,"8,72,545",5.9,15,18%,3.80%,0.33%
55,AUS,Australia,Oceania,26713205,26439111,26177413,25670051,23820236,22019168,19017963,17048003,14706322,12595034,"76,82,300",3,0.99%,"2,62,081",1.6,38,86%,1.00%,0.33%
56,PRK,North Korea,Asia,26498823,26160821,26069416,25867467,25258015,24686435,23367059,20799523,17973650,14996879,"1,20,410",217,0.31%,"80,619",1.8,36,63%,0.35%,0.32%
57,TWN,Taiwan,Asia,24672760,23923276,23893394,23821464,23512136,23083083,22194731,20586174,18100281,14957870,"1,83,630",661,4.57%,"10,78,137",2.7,23,53%,0.13%,0.30%
58,MLI,Mali,Africa,24478595,23293698,22593590,21224040,18112907,15529181,11239101,8945026,7372581,6153587,"12,20,190",19,2.98%,"7,09,468",5.5,16,44%,3.10%,0.30%
59,BFA,Burkina Faso,Africa,23548781,23251485,22673762,21522626,18718019,16116845,11882888,9131361,6932967,5611666,"2,73,600",85,2.27%,"5,23,005",4.1,17,33%,2.55%,0.29%
60,SYR,Syria,Asia,23213962,23227014,22125249,20772595,19205178,22337563,16307654,12408996,8898954,6319199,"35,410",126,-0.44%,"-1,03,183",0.9,44,83%,4.98%,0.28%
61,LKA,Sri Lanka,Asia,23103565,21893579,21832143,21715079,21336697,20668557,18776371,17204094,14943645,12388769,"62,710",354,0.57%,"1,31,948",2,33,18%,0.28%,0.28%
62,MWI,Malawi,Africa,21655286,20931751,20405317,19377061,16938942,14718422,11229387,9539665,6267369,4625141,"94,280",222,2.61%,"5,50,804",3.6,18,19%,2.58%,0.27%
63,ZMB,Zambia,Africa,21314956,20569737,20017675,18927715,16248230,13792086,9891136,7686401,5720438,4281671,"7,43,390",28,2.85%,"5,90,991",4,18,46%,2.76%,0.26%
64,ROU,Romania,Europe,20592571,19892812,19659267,19442038,19906079,20335211,21919876,22836234,22125224,19922618,"26,99,700",86,1.29%,"2,62,467",3,30,55%,1.19%,0.25%
65,CHL,Chile,South America,20299123,19629590,19603733,19300315,17870124,17004162,15351799,13342868,11469828,9820481,"12,59,200",26,5.07%,"9,80,059",6,16,22%,0.13%,0.25%
66,KAZ,Kazakhstan,Asia,19764771,19606633,19397998,18979243,17835909,16627837,15236253,16866563,14172710,12265305,"7,43,532",7,0.54%,"1,05,936",1.1,36,85%,1.08%,0.24%
67,TCD,Chad,Africa,19015088,18278568,17723315,16644701,14140274,11894727,8259137,5827069,4408230,3667394,"2,30,170",15,-0.54%,"-1,03,391",1.7,43,55%,3.13%,0.23%
68,ECU,Ecuador,South America,19009151,18190484,18001000,17588595,16195902,14989585,12626507,10449837,8135845,6172215,"6,27,340",73,3.54%,"6,50,536",6,16,46%,1.05%,0.23%
69,SOM,Somalia,Africa,18501984,18143378,17597511,16537016,13763906,12026649,8721465,6999096,5892224,3720977,"1,92,530",29,2.35%,"4,24,411",3.8,19,52%,3.10%,0.23%
70,GTM,Guatemala,North America,18406359,18092026,17843908,17362718,16001107,14543121,11735894,9084780,6987767,5453208,"1,07,160",169,1.55%,"2,81,521",2.3,23,56%,1.39%,0.23%
71,SEN,Senegal,Africa,18228742,17763163,17316449,16436119,14356181,12530121,9704287,7536001,5703869,4367744,"33,720",92,0.75%,"1,36,218",1.4,41,89%,2.58%,0.22%
72,NLD,Netherlands,Europe,18135478,17618299,17564014,17434557,17041107,16617117,15899135,14944548,14130387,13037686,"2,48,360",523,0.86%,"1,55,395",1.8,29,65%,0.31%,0.22%
73,KHM,Cambodia,Asia,17638801,16944826,16767842,16396860,15417523,14363532,12118841,8910808,6198959,6708525,"1,76,520",96,1.23%,"2,14,921",2.5,26,26%,1.06%,0.22%
74,ZWE,Zimbabwe,Africa,16634373,16665409,16320537,15669666,14154937,12839771,11834676,10113893,7049926,5202918,"3,86,850",43,1.80%,"2,93,551",3.7,18,38%,2.11%,0.20%
75,GIN,Guinea,Africa,14754785,14190612,13859341,13205153,11625998,10270728,8336967,6354145,4972609,4222374,"2,45,720",58,2.42%,"3,49,317",4.1,18,40%,2.39%,0.18%
76,RWA,Rwanda,Africa,14462724,14094683,13776698,13146362,11642959,10309031,8109989,7319962,5247532,3896367,"1,12,760",571,2.49%,"3,51,690",4.5,18,47%,2.31%,0.18%
77,BEN,Benin,Africa,14256567,13712828,13352864,12643123,10932783,9445710,6998023,5133419,3833939,3023443,"24,670",122,2.16%,"3,02,096",3.6,20,18%,2.70%,0.17%
78,BDI,Burundi,Africa,14047786,13238559,12889576,12220227,10727148,9126605,6307659,5483793,4312834,3497834,"25,680",516,2.62%,"3,58,336",4.8,16,14%,2.71%,0.17%
79,TUN,Tunisia,Africa,12413315,12458223,12356117,12161723,11557779,10895063,9893316,8440023,6578156,5047404,"10,83,300",80,1.38%,"1,69,156",2.5,25,70%,0.83%,0.15%
80,BOL,Bolivia,South America,12277109,12388571,12224110,11936162,11090085,10223270,8592656,7096194,5736088,4585693,"1,55,360",11,0.63%,"76,678",1.8,33,71%,1.35%,0.15%
81,HTI,Haiti,North America,11943408,11724763,11584996,11306801,10563757,9842880,8360225,6925331,5646676,4680812,"6,10,952",425,4.01%,"4,60,034",3.8,18,27%,1.21%,0.15%
82,BEL,Belgium,Europe,11772557,11686140,11655930,11561717,11248303,10877947,10264343,9959560,9828986,9629376,"27,560",386,1.16%,"1,35,159",2.6,24,61%,0.26%,0.14%
83,JOR,Jordan,Asia,11738763,11337052,11285869,10928721,9494246,6931258,5056174,3480587,2216903,1557374,"30,280",128,0.22%,"25,870",1.4,42,99%,0.45%,0.14%
84,DOM,Dominican Republic,North America,11552876,11332972,11228821,10999664,10405832,9775755,8540791,7129004,5755800,4475871,"88,780",235,0.99%,"1,13,663",2.6,25,84%,0.93%,0.14%
85,CUB,Cuba,North America,11427557,11194449,11212191,11300698,11339894,11290417,11105791,10626680,9809107,8869636,"48,320",108,0.85%,"96,292",2.2,28,86%,-0.16%,0.14%
86,SSD,South Sudan,Africa,11027129,11088796,10913164,10606227,11194299,9714419,6114440,4750817,4192012,3342410,"83,600",18,3.62%,"3,85,048",1.2,32,82%,1.61%,0.14%
87,SWE,Sweden,Europe,10979783,10612086,10549347,10368969,9849349,9381729,8871043,8548406,8311763,8027702,"1,06,440",26,-0.36%,"-40,148",1.4,42,81%,0.59%,0.13%
88,HND,Honduras,North America,10825703,10593798,10432860,10121763,9294505,8450933,6656725,5053234,3777990,2782753,"1,11,890",95,1.70%,"1,80,852",2.5,24,58%,1.54%,0.13%
89,CZE,Czech Republic,Europe,10735859,10495295,10493986,10530953,10523798,10464749,10234710,10301192,10270060,9795744,"77,240",136,-0.68%,"-73,857",1.5,43,74%,0.01%,0.13%
90,AZE,Azerbaijan,Asia,10606999,10412651,10358074,10284951,9863480,9237202,8190337,7427836,6383060,5425317,"4,10,340",126,0.53%,"55,505",1.4,40,87%,0.53%,0.13%
91,GRC,Greece,Europe,10590927,10341277,10384971,10512232,10806641,11033783,11038109,10302255,9307148,8544873,"1,39,960",80,1.94%,"2,01,128",3,22,27%,-0.42%,0.13%
92,PNG,Papua New Guinea,Oceania,10576502,10329931,10142619,9749640,8682174,7583269,5508297,3864972,3104788,2489059,"4,52,860",23,1.80%,"1,86,867",3.1,23,12%,1.85%,0.13%
93,PRT,Portugal,Europe,10425292,10247605,10270865,10298192,10365435,10588401,10300626,10007346,9785252,8683631,"91,590",112,-0.05%,"-5,446",1.5,47,66%,-0.23%,0.13%
94,HUN,Hungary,Europe,10336577,10156239,9967308,9750573,9844246,9986825,10202055,10375989,10698679,10315366,"82,658",111,0.18%,"18,370",1.7,33,58%,1.90%,0.13%
95,TJK,Tajikistan,Asia,10047817,10143543,9952787,9543207,8524063,7621779,6272998,5417860,4045965,2993019,"1,28,900",73,-1.90%,"-1,95,091",1.3,46,88%,1.92%,0.12%
96,ARE,United Arab Emirates,Asia,9676135,9516871,9441129,9287289,8916899,8481771,3275333,1900151,1014048,298084,"90,530",134,-0.11%,"-10,328",1.5,44,72%,0.80%,0.12%
97,BLR,Belarus,Europe,9515236,9498238,9534954,9633740,9700609,9731427,10256483,10428525,9817257,9170786,"54,390",47,2.27%,"2,10,899",4.1,19,44%,-0.39%,0.12%
98,ISR,Israel,Asia,9387021,9174520,9038309,8757489,8007778,7328445,6116958,4803254,3744608,2907307,"21,640",424,1.41%,"1,30,707",2.8,29,91%,1.51%,0.12%
99,TGO,Togo,Africa,9120813,9053799,8848699,8442580,7473229,6571855,5008035,3875947,2838110,2197383,"82,409",166,-0.11%,"-9,616",1.3,43,58%,2.32%,0.11%
100,AUT,Austria,Europe,9056696,8958960,8939617,8907777,8642421,8362829,8010428,7678729,7547561,7465301,"2,02,910",109,-0.65%,"-58,984",1.2,41,84%,0.22%,0.11%
101,CHE,Switzerland,Europe,8921981,8796669,8740472,8638613,8281732,7822435,7182059,6711693,6319113,6181227,"39,516",223,0.58%,"51,420",1.4,43,74%,0.64%,0.11%
102,SLE,Sierra Leone,Africa,8642022,8791092,8605718,8233969,7314773,6436698,4584067,4325388,3367477,2778557,"72,180",122,2.15%,"1,81,510",3.7,19,45%,2.15%,0.11%
103,LAO,Laos,Asia,7769819,7633779,7529475,7319399,6787419,6323418,5430853,4314443,3297519,2675283,"2,30,800",33,1.37%,"1,04,826",2.4,25,38%,1.39%,0.10%
104,HKG,Hong Kong,Asia,7494498,7491609,7488865,7500958,7399838,7132438,6731195,5838574,4978544,3955072,"4,69,930",7135,1.77%,"1,30,060",2.7,27,46%,0.04%,0.09%
105,SRB,Serbia,Europe,7414909,7149077,7221365,7358005,7519496,7653748,7935022,7987529,7777010,7193533,"1,050",82,-0.37%,"-27,825",0.7,47,N.A.,-1.00%,0.09%
106,NIC,Nicaragua,North America,7381023,7046310,6948392,6755895,6298598,5855734,5123222,4227820,3303309,2444767,"17,59,540",59,1.03%,"75,364",2.3,27,77%,1.41%,0.09%
107,LBY,Libya,Africa,7186009,6888388,6812341,6653942,6192235,6491988,5154790,4236983,2962720,1909177,"1,91,800",4,1.59%,"1,12,493",2.8,25,35%,1.12%,0.09%
108,PRY,Paraguay,South America,6929153,6861524,6780744,6618695,6177950,5768613,5123819,4059195,3078912,2408787,"3,97,300",17,1.24%,"85,007",2.4,27,68%,1.19%,0.08%
109,KGZ,Kyrgyzstan,Asia,6916140,6735347,6630623,6424874,5914980,5483774,4935182,4394734,3691209,3016384,"1,20,340",35,1.36%,"92,527",2.2,26,58%,1.58%,0.08%
110,BGR,Bulgaria,Europe,6757689,6687717,6781953,6979175,7309253,7592273,8097691,8767778,8980606,8582950,"1,08,560",62,-0.56%,"-38,114",1.7,45,77%,-1.39%,0.08%
111,TKM,Turkmenistan,Asia,6736216,6516100,6430770,6250438,5766431,5267970,4569132,3720278,2862903,2201432,"87,460",14,-0.55%,"-36,985",1.5,44,73%,1.33%,0.08%
112,SLV,El Salvador,North America,6338193,6364943,6336392,6292731,6231066,6114034,5958482,5367179,4508992,3619090,"20,720",307,0.45%,"28,569",1.8,27,79%,0.45%,0.08%
113,COG,Republic of the Congo,Africa,6332961,6106869,5970424,5702174,5064386,4437884,3134030,2385435,1829256,1396989,"3,41,500",18,2.43%,"1,50,076",4.1,18,69%,2.29%,0.08%
114,SGP,Singapore,Asia,5977412,6014723,5975689,5909869,5650018,5163590,4053602,3022209,2400729,2061831,"42,430",8377,0.49%,"29,276",1.5,41,87%,0.65%,0.07%
115,DNK,Denmark,Europe,5832387,5910913,5882261,5825641,5677796,5550849,5340655,5144623,5125392,4922963,700,148,0.75%,"43,297",1,36,N.A.,0.49%,0.07%
116,SVK,Slovakia,Europe,5805962,5795199,5643453,5456681,5424444,5396424,5376690,5261305,4973883,4522867,"10,230",118,0.56%,"32,469",2.2,29,88%,2.69%,0.07%
117,CAF,Central African Republic,Africa,5617310,5742315,5579144,5343020,4819333,4660067,3759170,2809221,2415276,2067356,"3,03,890",9,0.29%,"16,125",1.3,43,86%,2.92%,0.07%
118,FIN,Finland,Europe,5612817,5545475,5540745,5529468,5479461,5363271,5176209,4986545,4779418,4606621,"96,320",18,2.18%,"1,19,786",3.9,19,54%,0.09%,0.07%
119,NOR,Norway,Europe,5576660,5474360,5434319,5379839,5190356,4889741,4491202,4241636,4085776,3875546,"3,65,268",15,1.04%,"57,493",1.4,40,86%,0.74%,0.07%
120,LBR,Liberia,Africa,5506760,5418377,5302681,5087584,4612329,4019956,2895224,2209731,1932169,1463563,"48,088",56,-0.20%,"-11,295",1.6,42,54%,2.18%,0.07%
121,PSE,Palestine,Asia,5495443,5371230,5250072,5019401,4484614,3992278,3139954,2124609,1453620,1118241,"6,020",892,1.59%,"86,241",3.3,20,83%,2.31%,0.07%
122,LBN,Lebanon,Asia,5330690,5353930,5489739,5662923,6398940,4995800,4320642,3593700,2963702,2381791,"6,22,980",523,3.46%,"1,78,269",6,14,44%,-2.47%,0.07%
123,NZL,New Zealand,Oceania,5281538,5228100,5185288,5061133,4590590,4346338,3855266,3397389,3147168,2824061,"3,09,500",20,4.60%,"2,32,269",2.5,29,93%,0.83%,0.06%
124,CRI,Costa Rica,North America,5255017,5212173,5180829,5123105,4895242,4622252,3979193,3158253,2414303,1855697,"68,890",102,1.12%,"58,387",1.6,39,62%,0.60%,0.06%
125,IRL,Ireland,Europe,5213944,5056935,5023109,4946119,4665760,4524585,3768950,3485374,3391387,2937637,"2,63,310",73,0.79%,"41,108",1.7,38,83%,0.67%,0.06%
126,MRT,Mauritania,Africa,5169395,4862989,4736139,4498604,3946220,3419461,2695003,2006027,1506694,1122198,"10,30,700",5,2.93%,"1,46,954",4.6,17,60%,2.68%,0.06%
127,OMN,Oman,Asia,5129910,4644384,4576298,4543399,4191776,2881914,2344253,1804524,1017462,670693,"51,060",15,0.48%,"24,385",1.3,35,84%,1.49%,0.06%
128,PAN,Panama,North America,4934507,4468087,4408581,4294396,3957099,3623617,3001731,2449968,1956987,1516188,"17,820",60,1.98%,"95,725",1.5,35,92%,1.35%,0.06%
129,KWT,Kuwait,Asia,4515577,4310108,4268873,4360444,3908743,2943356,1934901,1674938,1493870,802786,"74,340",242,1.27%,"56,818",2.1,30,70%,0.97%,0.06%
130,HRV,Croatia,Europe,3875325,4008617,4030358,4096868,4254815,4368682,4548434,4873707,4680144,4492638,"55,960",72,-0.53%,"-20,698",1.5,45,61%,-0.54%,0.05%
131,ERI,Eritrea,Africa,3807670,3748901,3684032,3555868,3340006,3147727,2392880,2149960,1657982,1272748,"69,490",31,0.00%,178,1.8,37,62%,1.76%,0.05%
132,GEO,Georgia,Asia,3535603,3728282,3744385,3765912,3771132,3836831,4265172,5391636,5145843,4800426,"1,01,000",54,1.88%,"65,213",3.7,19,74%,-0.43%,0.04%
133,MNG,Mongolia,Asia,3475540,3447157,3398366,3294335,2964749,2702520,2450979,2161433,1697780,1293880,"15,53,560",2,1.27%,"43,608",2.6,27,67%,1.44%,0.04%
134,MDA,Moldova,Europe,3386588,3435931,3272996,3084847,3277388,3678186,4251573,4480199,4103240,3711140,"1,75,020",104,-0.04%,"-1,493",1.4,36,N.A.,4.98%,0.04%
135,URY,Uruguay,South America,3242204,3423108,3422794,3429086,3402818,3352651,3292224,3117012,2953750,2790265,"8,870",20,0.01%,181,0.9,45,N.A.,0.01%,0.04%
136,PRI,Puerto Rico,North America,3164253,3260314,3252407,3271564,3497335,3717922,3827108,3543776,3214568,2737619,"51,000",368,-0.65%,"-20,820",1.5,45,56%,0.24%,0.04%
137,BIH,Bosnia and Herzegovina,Europe,3048423,3210847,3233526,3318407,3524324,3811088,4179350,4494310,4199820,3815561,"11,610",63,2.33%,"69,341",1.7,34,97%,-0.70%,0.04%
138,ALB,Albania,Europe,3034961,2832439,2842321,2866849,2882481,2913399,3182021,3295066,2941651,2324731,"32,850",103,-1.05%,"-32,109",1.7,38,57%,-0.35%,0.04%
139,JAM,Jamaica,North America,3030131,2825544,2827377,2820436,2794445,2733896,2612205,2392030,2135546,1859091,"8,23,290",261,2.26%,"67,036",3.2,21,54%,-0.06%,0.04%
140,ARM,Armenia,Asia,2973840,2777970,2780469,2805608,2878595,2946293,3168523,3556539,3135123,2534377,"28,470",98,1.03%,"30,447",1.7,36,63%,-0.09%,0.04%
141,GMB,Gambia,Africa,2859110,2773168,2705992,2573995,2253133,1937275,1437539,1040616,718586,528731,"62,674",274,0.18%,"5,011",1.2,42,68%,2.48%,0.04%
142,LTU,Lithuania,Europe,2839175,2718352,2750055,2820267,2963765,3139019,3599637,3785847,3521206,3210147,"10,830",43,-0.02%,-611,1.4,32,60%,-1.15%,0.03%
143,QAT,Qatar,Asia,2791765,2716391,2695122,2760385,2414573,1713504,645937,441675,277450,118007,"27,400",236,-0.71%,"-19,890",1.3,37,69%,0.79%,0.03%
144,BWA,Botswana,Africa,2759988,2675352,2630296,2546402,2305171,2091664,1726985,1341474,938578,592244,"10,120",5,2.30%,"62,143",3.9,18,60%,1.71%,0.03%
145,NAM,Namibia,Africa,2538952,2604172,2567012,2489098,2282704,2099271,1819141,1369011,975994,754467,"2,57,670",3,2.18%,"54,163",3.6,22,84%,1.45%,0.03%
146,GAB,Gabon,Africa,2521139,2436566,2388992,2292573,2028517,1711105,1272935,983028,749078,597192,"5,66,730",9,1.65%,"40,895",2.7,23,75%,1.99%,0.03%
147,LSO,Lesotho,Africa,2337423,2330318,2305825,2254100,2118521,2022747,1998630,1798997,1407672,1023481,"30,360",77,1.12%,"25,951",2.7,22,32%,1.06%,0.03%
148,GNB,Guinea-Bissau,Africa,2201352,2150842,2105566,2015828,1788919,1567220,1230849,973551,831462,591663,"28,120",76,2.23%,"48,013",3.8,19,46%,2.15%,0.03%
149,SVN,Slovenia,Europe,2118697,2119675,2119844,2117641,2080862,2057287,1984339,1986024,1901570,1741286,"20,140",105,0.01%,301,1.6,44,55%,-0.01%,0.03%
150,MKD,North Macedonia,Europe,1892516,2085679,2093599,2111072,2107962,2093828,2037936,2044174,1907023,1656783,"28,050",83,2.43%,"44,967",4.1,21,63%,-0.38%,0.02%
151,LVA,Latvia,Europe,1871871,1830211,1850651,1897052,1991955,2101530,2392530,2689391,2572037,2397414,"62,200",29,-0.56%,"-10,525",1.3,43,67%,-1.10%,0.02%
152,GNQ,Equatorial Guinea,Africa,1823009,1714671,1674908,1596049,1346973,1094524,684977,465549,282509,316955,"25,220",61,-0.48%,"-8,793",1.5,41,69%,2.37%,0.02%
153,TTO,Trinidad and Tobago,North America,1607049,1534937,1531044,1518147,1460177,1410296,1332203,1266518,1127852,988890,760,299,2.38%,"37,383",1.8,33,N.A.,0.25%,0.02%
154,BHR,Bahrain,Asia,1507782,1485509,1472233,1477469,1362142,1213645,711442,517418,362595,222555,"5,130",1892,0.32%,"4,850",1.5,37,49%,0.90%,0.02%
155,TLS,Timor-Leste,Asia,1400638,1360596,1341296,1299995,1205813,1088486,878360,758106,642224,554021,"14,870",91,1.18%,"16,352",2.6,21,35%,1.44%,0.02%
156,EST,Estonia,Europe,1360546,1322765,1326062,1329444,1314657,1331535,1396877,1570674,1476983,1361999,"42,390",31,-0.49%,"-6,650",1.4,42,66%,-0.25%,0.02%
157,MUS,Mauritius,Africa,1358282,1300557,1299469,1297828,1293153,1283330,1215930,1090290,954865,830115,"9,240",641,0.99%,"13,306",1.4,38,61%,0.08%,0.02%
158,CYP,Cyprus,Europe,1271169,1260138,1251488,1237537,1187280,1129686,948237,788500,679327,640804,"2,030",136,-0.19%,"-2,419",1.2,37,41%,0.69%,0.02%
159,SWZ,Eswatini,Africa,1242822,1210822,1201670,1180655,1133936,1099920,1030496,854011,598564,442865,"17,200",70,1.00%,"12,316",2.7,22,31%,0.76%,0.02%
160,DJI,Djibouti,Africa,1168722,1136455,1120849,1090156,1006259,919199,742033,577173,324121,144379,"23,180",49,1.37%,"15,778",2.6,25,71%,1.39%,0.01%
161,REU,Reunion,Africa,928784,981796,974052,957822,922495,890130,785424,658992,551674,473925,"18,270",391,0.50%,"4,639",2.3,28,60%,0.80%,0.01%
162,FJI,Fiji,Oceania,878591,936375,929766,920422,917200,905169,832509,780430,644582,527634,"2,500",51,0.42%,"3,708",2.2,38,N.A.,0.71%,0.01%
163,COM,Comoros,Africa,866628,852075,836774,806166,730216,656024,536758,431119,328328,242351,"1,861",458,1.91%,"16,241",3.8,21,33%,1.83%,0.01%
164,GUY,Guyana,South America,831087,813834,808726,797202,755031,747932,759051,747116,778176,705261,"1,96,850",4,0.57%,"4,734",2.4,26,27%,0.63%,0.01%
165,BTN,Bhutan,Asia,819198,787424,782455,772506,743274,705516,587207,558442,415257,298894,"27,990",21,2.40%,"19,193",3.5,20,23%,0.64%,0.01%
166,SLB,Solomon Islands,Oceania,791524,740424,724273,691191,612660,540394,429978,324171,233668,172833,"38,117",26,0.65%,"5,139",1.4,30,49%,2.23%,0.01%
167,MAC,Macau,Asia,720262,704149,695168,676283,615239,557297,431896,350227,245332,247284,30,21403,0.89%,"6,350",0.7,39,96%,1.29%,0.01%
168,LUX,Luxembourg,Europe,673036,654768,647599,630399,569408,507070,435628,381267,363741,339342,"2,590",254,1.19%,"7,938",1.4,39,87%,1.11%,0.01%
169,MNE,Montenegro,Europe,638479,626485,627082,629048,633966,631044,633324,621442,589324,530268,"13,450",47,0.78%,"4,927",1.8,40,68%,-0.10%,0.01%
170,SUR,Suriname,South America,634431,623236,618040,607065,575475,546080,478998,412756,375112,379918,"1,56,000",4,0.88%,"5,545",2.2,28,62%,0.84%,0.01%
171,CPV,Cape Verde,Africa,590506,598682,593149,582640,552166,521212,458251,364563,317234,287262,"2,66,000",148,1.86%,"10,777",2.2,32,97%,0.93%,0.01%
172,ESH,Western Sahara,Africa,539607,587259,575986,556048,491824,413296,270375,178529,116775,76371,320,2,1.25%,"6,651",1.1,41,77%,1.96%,0.01%
173,MLT,Malta,Europe,527799,535064,533286,515357,456579,418755,399212,365392,333587,315414,300,1672,0.34%,"1,805",1.6,32,39%,0.33%,0.01%
174,MDV,Maldives,Asia,526923,521021,523787,514438,435582,361575,282507,224957,164887,123243,700,1737,0.32%,"1,683",2.8,26,75%,-0.53%,0.01%
175,BRN,Brunei,Asia,524877,452524,449002,441725,421437,396053,333926,261928,187921,133343,"4,030",86,0.49%,"2,546",1.5,28,78%,0.78%,0.01%
176,BHS,Bahamas,North America,462721,412623,409984,406471,392697,373272,325014,270679,223752,179129,"5,270",41,0.82%,"3,772",1.7,32,80%,0.64%,0.01%
177,BLZ,Belize,North America,417072,410825,405272,394921,359871,322106,240406,182589,145133,120905,"22,810",18,1.45%,"5,966",2,26,48%,1.37%,0.01%
178,GLP,Guadeloupe,North America,401283,395839,395752,395642,399089,403072,424067,391951,334234,318310,"10,010",243,0.46%,"1,843",1.4,35,88%,0.02%,0.00%
179,ISL,Iceland,Europe,393396,375318,372899,366669,331060,318333,281462,255019,228263,204468,"1,00,250",4,1.51%,"5,838",1.5,36,84%,0.65%,0.00%
180,MTQ,Martinique,North America,375106,366981,367507,370391,383515,392181,432543,374271,333786,326428,"1,690",325,-0.37%,"-1,411",2.1,47,N.A.,-0.14%,0.00%
181,MYT,Mayotte,Africa,343195,335995,326101,305587,249545,211786,159215,92659,52233,35383,"1,060",898,-0.81%,"-2,807",2,49,N.A.,3.03%,0.00%
182,VUT,Vanuatu,Oceania,327777,334506,326740,311685,276438,245453,192074,150882,118156,87019,"12,190",27,2.30%,"7,368",3.6,20,25%,2.38%,0.00%
183,GUF,French Guiana,South America,326505,312155,304557,290969,257026,228453,164351,113931,66825,46484,375,4,3.32%,"10,490",4.6,17,42%,2.49%,0.00%
184,PYF,French Polynesia,Oceania,308522,308872,306279,301920,291787,283788,250927,211089,163591,117891,"82,200",89,1.69%,"5,120",3.3,25,94%,0.85%,0.00%
185,NCL,New Caledonia,Oceania,292639,292991,289950,286403,283032,261426,221537,177264,148599,110982,"18,280",16,0.96%,"2,769",2,34,75%,1.05%,0.00%
186,BRB,Barbados,North America,282467,281995,281635,280693,278083,274711,264657,258868,253575,241397,430,656,0.05%,131,1.7,39,32%,0.13%,0.00%
187,STP,Sao Tome and Principe,Africa,281807,231856,227380,218641,201124,182138,143714,120343,97210,77583,"3,660",242,0.25%,689,1.5,35,66%,1.97%,0.00%
188,WSM,Samoa,Oceania,235536,225681,222382,214929,203571,194672,184008,168186,164905,142771,960,81,2.02%,"4,665",3.6,19,78%,1.48%,0.00%
189,CUW,Curacao,North America,218019,192077,191163,189288,169572,159380,141424,155446,156851,150385,"2,830",433,0.63%,"1,356",3.8,20,16%,0.48%,0.00%
190,LCA,Saint Lucia,North America,185482,180251,179857,179237,175623,170935,159500,142301,121633,103090,444,295,0.03%,55,1.1,38,80%,0.22%,0.00%
191,GUM,Guam,Oceania,179744,172952,171774,169231,167978,164905,160188,138263,110286,88300,610,320,0.26%,459,1.4,34,20%,0.69%,0.00%
192,KIR,Kiribati,Oceania,167777,133515,131232,126463,116707,107995,88826,75124,60813,57437,540,165,0.76%,"1,271",2.7,31,99%,1.74%,0.00%
193,GRD,Grenada,North America,134518,126183,125438,123663,118980,114039,107432,99047,94838,98794,810,371,1.50%,"1,988",3.1,23,57%,0.59%,0.00%
194,FSM,Micronesia,Oceania,130418,115224,114164,112106,109462,107588,111709,98603,76299,58989,460,165,1.93%,"2,467",2.1,34,44%,0.93%,0.00%
195,JEY,Jersey,Europe,117207,111802,110778,108319,100561,96151,86192,82874,75124,68347,340,932,0.11%,126,1.5,34,35%,0.92%,0.00%
196,TON,Tonga,Oceania,108066,107773,106858,105254,106122,107383,102603,98727,96708,86484,180,150,0.12%,127,1.6,41,44%,0.86%,0.00%
197,SYC,Seychelles,Africa,104175,107660,107118,105530,99240,92409,80060,71057,65290,54379,720,234,-0.40%,-422,3.1,21,26%,0.51%,0.00%
198,ABW,Aruba,North America,100616,106277,106445,106585,104257,100341,89101,65712,62267,59106,390,590,-0.70%,-707,1.8,34,61%,-0.16%,0.00%
199,VCT,Saint Vincent and the Grenadines,North America,93772,103698,103948,104632,106482,109308,113813,112487,107480,98459,440,266,0.49%,456,1.6,36,28%,-0.24%,0.00%
200,VIR,United States Virgin Islands,North America,84905,98750,99465,100442,102803,106142,108185,100685,96640,63446,350,285,-0.93%,-796,2.1,45,N.A.,-0.72%,0.00%
201,ATG,Antigua and Barbuda,North America,84160,94298,93763,92664,89941,85695,75055,63328,64889,64516,570,214,-0.01%,-5,1.5,46,56%,0.57%,0.00%
202,IMN,Isle of Man,Europe,81938,84710,84519,84046,83593,83828,75562,68865,64022,55298,470,149,1.34%,"1,082",1.1,43,83%,0.23%,0.00%
203,AND,Andorra,Europe,74457,80088,79824,77700,71746,71519,66097,53569,35611,19860,240,170,1.94%,"1,419",1.5,38,90%,0.33%,0.00%
204,DMA,Dominica,North America,66205,73040,72737,71995,70007,68755,68346,69481,72978,68895,750,97,-0.46%,-305,1.5,36,83%,0.42%,0.00%
205,CYM,Cayman Islands,North America,64636,69310,68706,67311,60911,54074,39658,26027,17100,10533,50,289,-0.10%,-62,1.4,46,93%,0.88%,0.00%
206,BMU,Bermuda,North America,55840,64069,64184,64031,63144,63447,61371,57470,53565,52019,"4,10,450",1186,-0.15%,-82,1.9,35,90%,-0.18%,0.00%
207,GGY,Guernsey,Europe,55400,63544,63301,62794,61629,60782,59114,57727,52860,52656,"1,396",1009,1.25%,686,2.2,37,40%,0.38%,0.00%
208,GRL,Greenland,North America,46843,56643,56466,56026,55895,56351,56184,55599,50106,45434,260,0,0.18%,85,1.5,36,39%,0.31%,0.00%
209,FRO,Faroe Islands,Europe,46765,53270,53090,52415,48816,48410,45660,47479,43054,38416,200,39,-1.59%,-756,2.3,29,N.A.,0.34%,0.00%
210,MNP,Northern Mariana Islands,Oceania,46535,49796,49551,49587,51514,54087,80338,48002,17613,10143,950,108,0.73%,337,1.5,39,79%,0.49%,0.00%
211,KNA,Saint Kitts and Nevis,North America,44278,47755,47657,47642,47790,47403,45461,40636,43097,44968,460,184,-1.92%,-865,2.3,37,N.A.,0.21%,0.00%
212,TCA,Turks and Caicos Islands,North America,43350,46062,45703,44276,36538,29726,18744,11709,7598,5665,34,49,1.41%,601,1.4,42,100%,0.79%,0.00%
213,SXM,Sint Maarten,North America,39870,44222,44175,43621,40205,33034,30489,27845,12243,6260,160,1301,0.69%,272,1.5,44,15%,0.11%,0.00%
214,ASM,American Samoa,Oceania,39471,43914,44273,46189,51368,54849,58230,47818,32886,27075,150,220,1.25%,486,1,38,43%,-0.81%,0.00%
215,MHL,Marshall Islands,Oceania,39329,41996,41569,43413,49410,53416,54224,46047,31988,23969,10,233,2.23%,858,1.9,39,90%,1.03%,0.00%
216,LIE,Liechtenstein,Europe,38631,39584,39327,38756,37355,35926,33026,28765,25003,21089,1,247,-0.83%,-325,2.1,54,N.A.,0.65%,0.00%
217,MCO,Monaco,Europe,37548,36297,36469,36922,36760,33178,32465,30329,27076,24270,180,18149,-3.29%,"-1,279",2.9,21,N.A.,-0.47%,0.00%
218,SMR,San Marino,Europe,33581,33642,33660,34007,33570,31608,26823,23132,21346,18169,60,561,-0.45%,-152,1.2,48,100%,-0.05%,0.00%
219,GIB,Gibraltar,Europe,30675,32688,32649,32709,32520,31262,27741,27317,28734,26685,328,4807,2.60%,777,1.5,40,66%,0.12%,0.00%
220,MAF,Saint Martin,North America,26129,32077,31791,32552,35020,36458,29610,28127,7776,5802,53,642,-5.04%,"-1,386",2.7,41,0%,0.90%,0.00%
221,VGB,British Virgin Islands,North America,17695,31538,31305,30910,29366,27556,20104,15617,11109,9581,460,210,-0.18%,-32,1.9,38,N.A.,0.74%,0.00%
222,PLW,Palau,Oceania,14598,18058,18055,17972,17794,18540,19726,15293,12252,11366,90,39,1.30%,188,1.4,38,N.A.,0.02%,0.00%
223,COK,Cook Islands,Oceania,13729,17044,17011,17029,17695,17212,15897,17123,17651,20470,240,71,-3.47%,-493,2,36,98%,0.19%,0.00%
224,AIA,Anguilla,North America,11947,15899,15857,15585,14525,13172,11047,8316,6560,6283,20,175,0.61%,72,3.3,20,95%,0.26%,0.00%
225,NRU,Nauru,Oceania,11277,12780,12668,12315,11185,10241,10377,9598,7635,6663,140,639,-0.82%,-93,1.4,38,0%,0.88%,0.00%
226,WLF,Wallis and Futuna,Oceania,11258,11502,11572,11655,12182,13142,14723,13454,11315,9377,21,42,1.56%,173,0.8,39,0%,-0.60%,0.00%
227,TUV,Tuvalu,Oceania,9646,11396,11312,11069,10877,10550,9638,9182,7731,5814,30,380,-1.73%,-170,3.2,24,83%,0.74%,0.00%
228,BLM,Saint Barthelemy,North America,5628,10994,10967,10681,9643,8988,7082,5168,2983,2417,230,440,-0.93%,-53,1.3,47,N.A.,0.25%,0.00%
229,SPM,Saint Pierre and Miquelon,North America,5237,5840,5862,5906,5978,6052,6274,6324,6106,5537,390,24,-0.98%,-52,1.6,51,33%,-0.38%,0.00%
230,MSR,Montserrat,North America,4389,4386,4390,4500,5059,4938,5138,10805,11452,11402,100,43,-0.70%,-31,1.4,42,11%,-0.09%,0.00%
231,FLK,Falkland Islands,South America,3470,3791,3780,3747,3408,3187,3080,2332,2240,2274,"12,170",0,-0.20%,-7,1.7,42,68%,0.29%,0.00%
232,NIU,Niue,Oceania,2506,1935,1934,1942,1847,1812,2074,2533,3637,5185,10,7,4.55%,109,2.6,27,0%,0.05%,0.00%
233,TKL,Tokelau,Oceania,1819,1893,1871,1827,1454,1367,1666,1669,1647,1714,260,189,0.11%,2,2.5,36,44%,1.18%,0.00%
234,VAT,Vatican City,Europe,496,518,510,520,564,596,651,700,733,752,0,1177,0.00%,0,1,59,N.A.,1.57%,0.00%
